Origin,Destination,Length
KSFO,WSSS,7881.25
KSNA,KIAH,1535.833333
KBOS,KSFO,3136.333333
YSSY,KIAH,7679.166667
KIAH,YSSY,8689.583333
KIAH,CYVR,2368.416667
KLAX,KDEN,1188.25
MMUM,KIAH,1188.25
KIAH,MMUN,1147.833333
MMUN,KIAH,986.1666667
KIAH,EDDM,5052.083333
KEWR,MPTO,2619
KRDU,KDEN,1818.75
KDEN,KAUS,1091.25
MPTO,KIAH,2117.833333
KIAH,MPTO,1980.416667
KIAH,SEQM,2586.666667
KMCO,KCLE,1155.916667
KCMH,KSFO,2344.166667
TNCA,KEWR,2408.833333
KEWR,TNCA,2344.166667
KSFO,KSAN,800.25
MROC,KORD,2667.5
MMUN,KEWR,1948.083333
KEWR,MMUN,2037
MMUN,KIAH,1212.5
KIAD,EDDM,4001.25
KIAH,MMMX,1091.25
KSEA,KSFO,970
MMMX,KEWR,2425
KEWR,MMMX,2659.416667
KMCI,KORD,792.1666667
KLAX,KORD,2045.083333
EDDM,KIAD,4445.833333
MMPR,KEWR,2667.5
KEWR,KORD,1212.5
KLAS,KDEN,961.9166667
KDEN,KLAX,1196.333333
KCMH,KDEN,1511.583333
MROC,KEWR,2586.666667
KEWR,MROC,2538.166667
KDEN,KJAX,1657.083333
KLAX,KEWR,2336.083333
KEGE,KEWR,1996.583333
MROC,KDEN,2707.916667
MMMX,KIAH,1147.833333
KIAH,MROC,1810.666667
KDEN,MMCZ,1859.166667
MROC,KIAH,1697.5
KEWR,KMIA,1568.166667
KMCO,KEWR,1293.333333
KDEN,KBOS,1948.083333
KDFW,KDEN,1002.333333
KSFO,KSBA,606.25
KGPI,KDEN,970
KDEN,KFAT,1091.25
KSFO,PHLI,2732.166667
KBUF,KORD,881.0833333
KDEN,MMUN,1899.583333
KORD,MRLB,2497.75
KEWR,FACT,7234.583333
FACT,KEWR,7598.333333
KDEN,MMUN,1923.833333
KLAS,KEWR,2376.5
KSFO,KEWR,2610.916667
KDEN,KSAT,1010.416667
KORD,KBWI,905.3333333
MMUN,KIAD,1616.666667
KORD,MROC,2546.25
KLAX,MGGT,2344.166667
KDEN,KSMF,1244.833333
NTAA,KSFO,3960.833333
KDCA,KORD,1099.333333
KEUG,KSFO,808.3333333
KORD,MKJS,1940
PHKO,KLAX,2578.583333
KSFO,NTAA,4082.083333
KJAX,KIAD,873
KBZN,KDEN,808.3333333
KRDU,KEWR,848.75
KIAD,KEWR,687.0833333
KBOS,KIAD,792.1666667
KBNA,KEWR,1099.333333
MKJS,KORD,2134
KEWR,MMPR,2465.416667
TJBQ,KEWR,1867.25
KIAH,KONT,1455
MMPR,KIAH,1172.083333
KSFO,CYYC,1317.583333
PGSN,PGUM,323.3333333
KLAX,PHNL,2804.916667
TNCA,KIAH,2328
TJSJ,KEWR,2077.416667
MMSD,KSFO,1495.416667
KSJC,KORD,1980.416667
KDEN,KATL,1455
KSMF,KEWR,2425
KIAH,KPDX,2142.083333
KFLL,KEWR,1446.916667
KIAH,KMSY,606.25
KEWR,KDEN,1996.583333
KSFO,MMSD,1535.833333
KEWR,KLAX,2829.166667
KDCA,KIAH,1527.75
KRSW,KCLE,1317.583333
KIAD,MSLP,2263.333333
MMUN,KORD,1576.25
KBPI,KEWR,1374.166667
KORD,MMUN,1851.083333
LSZH,KORD,4809.583333
KEWR,LEBL,3839.583333
KIAD,TNCA,2142.083333
KDEN,KSJC,1252.916667
LEBL,KEWR,4324.583333
KORD,KEWR,1123.583333
KDEN,KPIT,1503.5
KSFO,MMPR,1794.5
KEWR,KSRQ,1390.333333
KSFO,KSNA,792.1666667
KIAD,EGLL,4009.333333
KDEN,KMSY,1293.333333
TNCM,KIAD,2150.166667
KDEN,KPDX,1293.333333
KJAC,KEWR,2804.916667
KLAX,KIAD,2449.25
KLAX,PHLI,2869.583333
KIAD,KDEN,1810.666667
KEWR,KMCI,1487.333333
EGLL,KIAD,4001.25
CYVR,KSFO,1261
KEWR,KEGE,2538.166667
KEWR,LGAV,4647.916667
KSAT,KEWR,1851.083333
MHLM,KIAH,1406.5
MMPR,KSFO,1802.583333
KIAH,MBPV,1826.833333
MBPV,KIAH,1851.083333
KEWR,KPHX,2425
LGAV,KEWR,5432
KLAX,KSFO,703.25
KSAT,KORD,1414.583333
KEWR,KIAD,670.9166667
KLAX,MSLP,2408.833333
KMIA,KSFO,3289.916667
KDEN,KBZN,840.6666667
KORD,MDPC,2247.166667
KSYR,KORD,1050.833333
SBGL,KIAH,5132.916667
KRNO,KSFO,1002.333333
KDEN,KBUR,1333.75
KIAH,KSAN,1543.916667
KGPI,KORD,1616.666667
KFLL,KIAH,1390.333333
KIAH,SBGL,4890.416667
KDEN,KDFW,953.8333333
KEWR,KPDX,2837.25
KEWR,KTPA,1422.666667
RJTT,KEWR,6280.75
KEWR,RJTT,6992.083333
KSFO,KRNO,517.3333333
KEWR,LSZH,3880
LSZH,KEWR,4365
KJAC,KDEN,1115.5
KEWR,BIKF,2748.333333
BIKF,KEWR,2950.416667
KEWR,EGLL,3475.833333
KORD,LLBG,5617.916667
KDEN,KCMH,1382.25
KAUS,KSFO,1826.833333
KDEN,KCVG,1333.75
KIAH,KPNS,800.25
MZBZ,KIAH,1293.333333
KIAH,MZBZ,1236.75
KALB,KORD,1180.166667
LLBG,KORD,6022.083333
KLGA,KDEN,2117.833333
KTPA,KLAX,2263.333333
KORD,KIAD,897.25
KDEN,KMIA,1826.833333
KCLE,KFLL,1349.916667
KIND,KDEN,1341.833333
KEWR,MSLP,2554.333333
KIAH,MMMD,1010.416667
MMMD,KIAH,1067
KMIA,KEWR,1568.166667
PHOG,KDEN,3128.25
KIAH,KSEA,2247.166667
KSFO,KIAH,1907.666667
KFLL,KDEN,2045.083333
KIAH,MMSD,1398.416667
KEWR,LPPR,3354.583333
MWCR,KEWR,1931.916667
KIAH,MSLP,1487.333333
KIAD,TIST,1980.416667
KSFO,KIAH,1956.166667
TIST,KIAD,1980.416667
MRLB,KEWR,2522
KORD,KCHS,1099.333333
LPPR,KEWR,3839.583333
KDEN,KMCO,1826.833333
KORD,MMPR,2214.833333
KIAH,MYNN,1471.166667
KGLA,KDEN,2085.5
KEWR,MYNN,1511.583333
MSLP,KIAD,2303.75
TTPP,KIAH,2829.166667
KIAD,KBNA,889.1666667
KEWR,KSEA,3039.333333
KLAX,KLAS,622.4166667
KEWR,MBPV,1891.5
MBPV,KEWR,1859.166667
KDEN,KEWR,1778.333333
MSLP,KIAH,1527.75
KIAH,KBNA,953.8333333
KDFW,KIAH,630.5
KEWR,MDSD,1980.416667
MDSD,KEWR,1980.416667
KEWR,MHLM,2408.833333
KDEN,KEUG,1301.416667
KBOI,KDEN,897.25
KORD,KJAC,1487.333333
MMUN,KCLE,1746
SBGR,KEWR,4688.333333
KLAS,KORD,1762.166667
KLAS,KLAX,630.5
KEUG,KORD,1762.166667
MRLB,KIAH,1737.916667
KIAH,MHLM,1382.25
KEWR,MDST,1697.5
KEWR,SBGR,4365
KPXD,KORD,1697.5
KORD,KATL,687.0833333
KTPA,KIAH,970
TJSJ,KIAH,2352.25
KIAH,KIAD,1438.833333
KSFO,KIAH,1455
EGLL,KEWR,3799.166667
KIAD,KPHX,2182.5
KIAH,MRLB,1455
MDPC,KEWR,1940
KIAD,MKJS,1729.833333
KIAD,KCLE,485
KIAD,MGGT,2231
KDEN,KDTW,1406.5
KDEN,KFCA,970
KCLE,MMUN,1786.416667
KSLC,KEWR,2101.666667
KPBI,KEWR,1212.5
KORD,KDEN,1091.25
KORD,KTPA,1091.25
MYNN,KEWR,1455
PHNL,PKMJ,2465.416667
PKMJ,PKWA,444.5833333
PKWA,PTSA,565.8333333
PTSA,PTPN,525.4166667
PTPN,PTKK,646.6666667
PTKK,PGUM,808.3333333
KIAD,KTPA,929.5833333
KLAS,KIAH,1212.5
KIAH,KATL,767.9166667
KEWR,TJSJ,1535.833333
KORD,MMMX,1940
KIAH,KDEN,970
PKMJ,PHNL,2263.333333
PGUM,PTKK,848.75
KEWR,KBOS,404.1666667
KEWR,MGGT,2449.25
MROC,KLAX,3152.5
KSJC,KDEN,970
KPHX,KSFO,970
KIAD,KSAN,2384.583333
MGGT,KIAD,2053.166667
PHLI,KSFO,2465.416667
KSFO,KPHX,970
KIAD,MMMX,2360.333333
MMMX,KIAD,1940
KRNO,KDEN,848.75
MYNN,KIAH,1471.166667
KIAH,KLAX,1576.25
MRLB,KORD,2651.333333
KDEN,KGTF,889.1666667
PTRO,PGUM,986.1666667
KORD,CYVR,1940
MYNN,KDEN,2667.5
KFLL,KORD,1697.5
EDDM,KIAH,5577.5
KLAX,KBWI,2384.583333
KCLE,KSFO,2465.416667
KIAD,MMUN,1697.5
KLAX,KMCO,2465.416667
KSBA,KDEN,1293.333333
KTPA,KIAD,1050.833333
MKJS,KEWR,1923.833333
KEWR,TNCM,2085.5
KIAD,LEMD,3516.25
KDEN,KICT,889.1666667
KIAH,KBWI,1503.5
LEMD,KIAD,4203.333333
KDEN,KRNO,1123.583333
KRIC,KDEN,1705.583333
TNCA,KIAD,2142.083333
KSFO,KCMH,2303.75
TNCA,KORD,2667.5
MMUN,KLAX,2546.25
KLAX,MMUN,1940
KORD,MMUN,1535.833333
KIAD,MDPC,1859.166667
KIAH,KDFW,565.8333333
MDPC,KORD,2425
KLAX,KAUS,1374.166667
MDPC,KIAD,1859.166667
MSLP,KLAX,2651.333333
KORD,TNCA,2546.25
KSFO,MMUN,2586.666667
PHLI,KDEN,3314.166667
KIAH,KOMA,1010.416667
LIPZ,KEWR,4688.333333
KPDX,KORD,1980.416667
KDEN,KMCI,687.0833333
KEWR,LIPZ,4082.083333
KPHX,KEWR,2384.583333
KCLT,KORD,1010.416667
PHTO,KLAX,2505.833333
TNCM,KORD,2344.166667
KDEN,MMPR,1576.25
KSFO,KCLE,2142.083333
KMCO,KORD,1374.166667
MMPR,KORD,2077.416667
KSFO,PHKO,2627.083333
PHOG,KSFO,2425
KSFO,KBWI,2586.666667
PHKO,KSFO,2384.583333
KORD,KALB,970
PHKO,KDEN,3314.166667
KDEN,PHOG,3435.416667
PGUM,PGSN,541.5833333
KLAX,MROC,2788.75
KRSW,KSFO,3087.833333
KLAX,KRSW,2449.25
KEWR,KPWM,646.6666667
KEWR,KRSW,1495.416667
CYVR,KLAX,1455
KDEN,PHKO,3556.666667
KIAH,KRDU,1333.75
KSAN,KSFO,767.9166667
KDEN,KDCA,1697.5
KRDU,KSFO,2748.333333
KIAH,KCLE,1252.916667
KSFO,KDEN,1067
KSLC,KIAH,1430.75
KDEN,KCLE,1414.583333
KIAH,KPHX,1293.333333
LIMC,KEWR,4445.833333
KDEN,KSDF,1252.916667
KIAH,TNCA,2303.75
KMCI,KEWR,1640.916667
EDDF,KDEN,5351.166667
KORD,KBDL,1050.833333
KMCO,KDEN,1875.333333
KDEN,KSAV,1616.666667
KIAD,MBPV,1584.333333
KORD,KMDT,929.5833333
KDEN,EDDF,4833.833333
MBPV,KIAD,1535.833333
KONT,KDEN,1131.666667
PGUM,RPLL,2125.916667
KSFO,KBNA,2142.083333
KPIT,KORD,808.3333333
KDEN,KMSO,1050.833333
RPLL,PGUM,1859.166667
KORD,KDFW,1091.25
KMIA,KORD,1665.166667
PGUM,PTYA,848.75
KPDX,KIAH,2004.666667
KBWI,KORD,929.5833333
KIAD,KAUS,1495.416667
PTYA,PGUM,687.0833333
KONT,KIAH,1535.833333
MMCZ,KIAH,1050.833333
CYVR,KORD,1940
KIAD,KSAT,1697.5
FAOR,KEWR,7962.083333
KLAX,KCLE,2263.333333
KEWR,MRLB,2602.833333
KORD,MMSD,2247.166667
KEWR,FAOR,8099.5
TNCM,KEWR,2303.75
KORD,KRSW,1374.166667
KSFO,KDFW,1778.333333
KICT,KDEN,727.5
KDEN,KBDL,1843
KCLE,KEWR,727.5
KIAD,KSFO,2667.5
KDTW,KDEN,1374.166667
KEWR,LIMC,4001.25
KCOS,KDEN,428.4166667
MGGT,KIAH,1495.416667
KIAH,MGGT,1293.333333
KIAH,TIST,2336.083333
KIAH,MPTO,2117.833333
KDEN,MRLB,2619
MRLB,KDEN,2610.916667
KIAH,MMCZ,1050.833333
RPLL,PTRO,1519.666667
KORD,MBPV,2004.666667
MBPV,KORD,2150.166667
PGUM,PTRO,1067
PTRO,RPLL,1438.833333
KORD,KMIA,1576.25
KIAH,KMSP,1252.916667
KSFO,EDDM,5335
KMSY,KSFO,2061.25
EDDM,KSFO,5803.833333
KSFO,KDCA,2457.333333
KPHL,KIAH,1737.916667
PANC,KDEN,2505.833333
PGUM,RJAA,1899.583333
KIAD,KSEA,3031.25
RJAA,PGUM,1899.583333
KDSM,KDEN,929.5833333
KFLL,KCLE,1333.75
KSNA,KORD,1940
KIAH,KTPA,1050.833333
KEWR,TXKF,1067
MRLB,KLAX,2990.833333
KMIA,KIAH,1252.916667
KORD,KJAX,1180.166667
WSSS,KSFO,7477.083333
KIAH,EHAM,4607.5
PGUM,PHNL,3718.333333
KORD,MGGT,2142.083333
MGGT,KORD,2214.833333
PHNL,PGUM,4001.25
KLAX,KSEA,1374.166667
KORD,MMCZ,1778.333333
KLAX,KTPA,2425
KJAC,KORD,1398.416667
KORD,PHOG,4607.5
KEWR,TAPA,2109.75
KIAD,TJSJ,1818.75
MMMY,KIAH,646.6666667
KMSY,KORD,1212.5
MMUN,KDEN,1818.75
KSFO,KTPA,2667.5
KSFO,KRSW,2570.5
KRSW,KLAX,2748.333333
KIAD,MDSD,1762.166667
KIAH,MHRO,1374.166667
TJSJ,KIAD,1778.333333
KSFO,KABQ,1212.5
KIAD,MROC,2408.833333
KSFO,KSLC,889.1666667
SKBO,KIAH,2489.666667
KIAD,KBOS,687.0833333
MMCZ,KLAX,2303.75
KSFO,KMSY,2142.083333
KIAH,SKBO,2425
KIAH,KSNA,1657.083333
MROC,KIAD,2416.916667
KSYR,KDEN,1826.833333
KSFO,KBOS,2707.916667
KORD,KMCO,1212.5
SEQM,KIAH,2586.666667
KDEN,KIAD,1737.916667
TJSJ,KORD,2425
KJAX,KDEN,1778.333333
KEWR,KJAC,2522
EHAM,KIAH,5011.666667
KDCA,KDEN,2028.916667
KEWR,KCHS,1002.333333
KPIT,KDEN,1535.833333
KATL,KSFO,2465.416667
KEWR,KSNA,2829.166667
KJAX,KEWR,1172.083333
KEWR,MWCR,2061.25
KEWR,MDPC,1859.166667
KEWR,MKJS,1980.416667
KSMF,KDEN,1131.666667
KMSP,KEWR,1252.916667
KORD,KSLC,1616.666667
KSFO,MRLB,2990.833333
KCLE,KRSW,1414.583333
CYVR,KIAH,2101.666667
KPDX,KDEN,1131.666667
MMSD,KDEN,1495.416667
KMSP,KORD,646.6666667
KEWR,KJAX,1220.583333
KEWR,KPDL,2788.75
KEWR,LPPD,2910
KTPA,KSFO,2667.5
KMSP,KIAH,1374.166667
KMSY,KIAD,1091.25
LPPD,KEWR,2910
KGRR,KDEN,1382.25
KIAH,KPHL,1576.25
KMYR,KORD,970
CYYC,KORD,1657.083333
MMPR,KLAX,1527.75
PHNL,KORD,3936.583333
KMSY,KIAH,646.6666667
KOMA,KIAH,1091.25
KDEN,KFLL,1964.25
KIAH,KJAC,2158.25
KORD,PHNL,4405.416667
KEWR,KMSP,1414.583333
KIAH,CYYC,2085.5
EIDW,KEWR,3637.5
KIAD,MWCR,1713.666667
KEWR,KSAN,2707.916667
KSFO,KSAT,1737.916667
KSFO,KMCO,2586.666667
KSAN,KIAH,1535.833333
KIAD,FACT,7032.5
FACT,KIAD,7832.75
KSRQ,KEWR,1737.916667
KIAD,KFLL,1252.916667
KSMF,KORD,1980.416667
KEWR,KSAT,1834.916667
KORD,KIAH,1091.25
KRDU,KIAD,517.3333333
KMSO,KDEN,970
KIAH,MMMY,687.0833333
KDEN,KSNA,1010.416667
KDEN,KBWI,1374.166667
KMCO,KIAD,1083.166667
KIAD,KMCO,1050.833333
KDEN,KRDU,2222.916667
KMSP,KDEN,1131.666667
KSEA,KIAD,2020.833333
KBNA,KIAH,1018.5
KLAS,KIAD,2182.5
KSAN,KIAD,2408.833333
KORD,KSMF,2182.5
KBZN,KSFO,1091.25
KFSD,KDEN,646.6666667
KORD,CYYC,1818.75
KEWR,KLAS,2691.75
KEWR,EIDW,3395
TNCB,KEWR,2344.166667
KDEN,KSFO,1665.166667
MSLP,KIAH,1293.333333
KIAH,KRSW,1131.666667
KDEN,PHLI,3475.833333
KIAH,KSJC,1778.333333
KDEN,KSAN,1172.083333
KORD,KSNA,2142.083333
KGEG,KORD,1657.083333
KORD,KGEG,1923.833333
KDEN,KMFR,1293.333333
KRSW,KDEN,1859.166667
KSEA,KIAH,2263.333333
KORD,KPDX,2182.5
MRLB,KSFO,3354.583333
MHRO,KDEN,2101.666667
KDEN,MHRO,2142.083333
KIAH,TTPP,2489.666667
KPHX,KDEN,889.1666667
KPHX,KIAH,1252.916667
KSFO,KAUS,1697.5
KPWM,KEWR,840.6666667
KIAD,KBDL,565.8333333
KEWR,LEPA,3920.416667
KSFO,KLAS,848.75
KPIT,KSFO,2586.666667
MMPR,KDEN,1576.25
LEPA,KEWR,3920.416667
KPHX,KORD,1576.25
KDFW,KSFO,1697.5
KLGA,KIAH,1616.666667
KLAX,PHKO,2958.5
KTUL,KIAH,727.5
KPHL,KDEN,1818.75
KMCO,KLAX,2344.166667
TXKF,KEWR,1067
KIAD,KCLT,687.0833333
KBOS,KEWR,485
KBOS,EGLL,3192.916667
MDST,KEWR,2020.833333
KORD,MYNN,1705.583333
KLAX,KBOS,2748.333333
KRSW,KIAD,1131.666667
KSNA,KDEN,1091.25
KPHL,KORD,1131.666667
KEWR,KAUS,1859.166667
KSNA,KEWR,2748.333333
KRNO,KDEN,889.1666667
KSFO,KPIT,2182.5
KEWR,KSLC,1131.666667
KPDX,KSFO,848.75
MYNN,KORD,1834.916667
KSFO,KIND,2182.5
KIAH,KBOS,1940
KORD,TNCM,2344.166667
KORD,KGPI,1778.333333
KDEN,KTPA,1438.833333
KRDU,KORD,1050.833333
KDEN,KGRR,1131.666667
KORD,KAUS,1212.5
KIAH,KFLL,1131.666667
KORD,KRDU,970
KORD,KPHX,1818.75
KRSW,KEWR,1414.583333
KIAH,KLAS,1535.833333
KBZN,KEWR,2061.25
MHLM,KEWR,2109.75
KIAD,KJAX,970
MHRO,KIAH,1252.916667
KLAX,MMCZ,2303.75
KORF,KDEN,1899.583333
KTPA,KEWR,1333.75
KRSW,KIAH,1131.666667
KORD,KCLE,646.6666667
KSAN,KDEN,1091.25
KEWR,KSMF,3071.666667
KSAN,KORD,1940
KORD,KLAS,1940
KEWR,GCTS,3395
KIAD,KMSY,1172.083333
KDEN,KPHL,1737.916667
GCTS,KEWR,3556.666667
KSEA,KIAD,2425
KORD,KSAT,1333.75
KSEA,KORD,1940
EGLL,KBOS,3718.333333
KBOS,KIAH,1996.583333
KIAH,KRNO,1794.5
KBWI,KLAX,2546.25
PHNL,KIAH,3669.833333
KIAH,PHNL,3718.333333
KORD,KBOS,897.25
KBWI,KIAD,363.75
KIAH,TNCB,1956.166667
TNCB,KIAH,2263.333333
KNIP,MUGM,1252.916667
MUGM,KNIP,1333.75
MGGT,KEWR,2449.25
KIAH,KNIP,1212.5
KNIP,KIAH,1212.5
EGLL,KDEN,4688.333333
KSFO,KEUG,808.3333333
KABQ,KSFO,1212.5
KPHL,KSFO,2990.833333
KDEN,KRSW,1859.166667
KIAD,KRSW,1131.666667
KATL,KEWR,1220.583333
KTPA,KDEN,1778.333333
KSFO,PHOG,2683.666667
KRSW,KORD,1535.833333
KSFO,KPHL,2667.5
KMSY,KEWR,1414.583333
KCLE,KMCO,1172.083333
KPDX,KEWR,2263.333333
KORD,KOMA,727.5
KMSY,KDEN,1495.416667
KBNA,KSFO,2142.083333
KORD,KMYR,1050.833333
KORD,KBZN,1576.25
KORD,KPHL,929.5833333
KSAT,KSFO,1778.333333
KSEA,KDEN,1293.333333
KSFO,KBZN,1010.416667
KEWR,SKBO,2513.916667
KORD,KSAN,2061.25
SKBO,KEWR,2627.083333
KDEN,EGLL,4405.416667
KEWR,ENBR,3597.083333
ENBR,KEWR,4122.5
KROW,KMCO,1616.666667
KEWR,LFMN,3920.416667
LFMN,KEWR,4647.916667
KSFO,KAMA,1414.583333
KAMA,KORD,1091.25
ZSAM,PGUM,1940
PGUM,ZSAM,1940
KDEN,PANC,2546.25
PGUM,VHHH,2134
VHHH,PGUM,2546.25
MGGT,KLAX,2473.5
KIAD,KSMF,2659.416667
KDEN,MMSD,1455
KDEN,KGEG,1131.666667
MDSD,KIAD,1802.583333
KATL,KORD,808.3333333
KORD,LSZH,4324.583333
KEWR,EDDM,3960.833333
KSFO,PHNL,2659.416667
KIAH,MMPR,1091.25
KAUS,KORD,1374.166667
MWCR,KIAD,1624.75
EDDM,KEWR,4445.833333
KBOS,KLAX,2990.833333
KDEN,KIAH,1325.666667
KFLL,KIAD,1131.666667
KLAX,MMPR,1374.166667
KLAX,RJAA,5213.75
KDEN,KBIL,687.0833333
RJAA,KLAX,5577.5
KIAH,MMGL,1172.083333
KSFO,KSEA,970
MSLP,KEWR,2287.583333
KATL,KDEN,1673.25
KEWR,CYOW,848.75
KALB,KEWR,565.8333333
KEWR,KPVD,525.4166667
KIAH,KMIA,1212.5
KORD,KMSN,485
KBGR,KEWR,840.6666667
KEWR,KBNA,1317.583333
KEWR,KALB,525.4166667
KBTV,KEWR,929.5833333
KBUF,KEWR,646.6666667
KEWR,KEYW,1616.666667
PHNL,KIAD,4486.25
KEWR,KCLE,832.5833333
KEWR,KGRR,929.5833333
KIAD,PHNL,5019.75
KEWR,KHXD,1091.25
KIAD,TNCM,2061.25
KBTV,KIAD,856.8333333
KEYW,KEWR,1616.666667
PHOG,KORD,3823.416667
KDTW,KEWR,889.1666667
KIND,KORD,565.8333333
MMCZ,KORD,1899.583333
KEWR,KPWM,727.5
KIND,KIAD,759.8333333
KGRR,KEWR,897.25
KDCA,KSFO,2910
KEWR,KBGR,727.5
CYOW,KEWR,727.5
KEWR,KBTV,606.25
KSAN,KEWR,2425
KEWR,KIND,1050.833333
KMYR,KEWR,1050.833333
KEWR,KBUF,687.0833333
KHXD,KEWR,1050.833333
KAUS,KLAX,1495.416667
KORD,KELP,1535.833333
KEWR,KCLT,1091.25
KCLT,KEWR,889.1666667
KIAD,KBTV,905.3333333
KEWR,KGSP,889.1666667
KEWR,KSDF,1511.583333
KEWR,KDTW,1050.833333
KEWR,KMYR,1091.25
KEWR,EGPH,3354.583333
KIAD,KDFW,1616.666667
CYYZ,KEWR,832.5833333
KEWR,KMSN,1293.333333
KEWR,KMHT,646.6666667
PHNL,KEWR,4591.333333
KEWR,KSAV,1131.666667
KEWR,KROC,767.9166667
KSDF,KEWR,889.1666667
KEWR,PHNL,5197.583333
KMKE,KEWR,1107.416667
KPVD,KEWR,606.25
KELP,KORD,1576.25
KROC,KEWR,727.5
CYUL,KEWR,808.3333333
KEWR,KATL,1212.5
KBDL,KDEN,2101.666667
KMSN,KEWR,1374.166667
KEWR,KMEM,1252.916667
KEWR,KCMH,767.9166667
KCMH,KEWR,889.1666667
KJAX,KORD,1455
KSDF,KIAD,646.6666667
KIAD,CYYZ,767.9166667
KIAD,KIND,727.5
KDEN,KLAS,1196.333333
KSAV,KEWR,1091.25
KMEM,KEWR,1374.166667
KMHT,KEWR,646.6666667
EGPH,KEWR,3718.333333
KEWR,CYYZ,646.6666667
KORD,KIND,606.25
KIND,KEWR,1075.083333
KEWR,CYUL,808.3333333
PHNL,KSFO,2562.416667
KORD,KCAK,646.6666667
KORD,KAVL,1131.666667
KORD,KROA,970
CYOW,KORD,1333.75
KHSV,KORD,848.75
KEWR,KPBI,1252.916667
KORD,KSGF,1252.916667
CYOW,KIAD,767.9166667
KATW,KORD,606.25
KORD,KATW,444.5833333
KORD,KLEX,727.5
KORD,KGRR,444.5833333
KECP,KORD,1252.916667
KCAE,KIAD,1010.416667
KCAE,KORD,1131.666667
KMBS,KORD,606.25
KPVD,KORD,1333.75
KLEX,KORD,727.5
KIAD,CYOW,808.3333333
KERI,KORD,929.5833333
KSGF,KORD,1252.916667
KORD,KBHM,970
KTVC,KORD,646.6666667
KIAD,CYUL,1131.666667
KIAD,KDAY,727.5
KROA,KORD,1050.833333
KORD,KMBS,606.25
KORD,KHSV,525.4166667
KFNT,KORD,622.4166667
KORD,KBUF,1252.916667
KORD,KECP,1010.416667
KTYS,KORD,1091.25
KIAD,KCAE,727.5
KGRR,KORD,565.8333333
KORD,KFAR,1050.833333
PHNL,KDEN,3233.333333
KORD,KSPI,485
KORD,KPVD,1212.5
KDEN,PHNL,3314.166667
KEWR,LDDU,4324.583333
KROC,KIAD,606.25
KMYR,KIAD,1131.666667
LDDU,KEWR,4930.833333
KCID,KORD,444.5833333
KORD,KCRW,727.5
KORD,KTYS,767.9166667
KORD,KABE,970
KUNV,KORD,1010.416667
KABE,KORD,1131.666667
KLAX,KIAH,1592.416667
KORD,KSDF,606.25
KPIT,KIAD,525.4166667
KIAD,KMYR,889.1666667
KAVP,KORD,1050.833333
KPDX,KIAD,2425
KSAV,KIAD,848.75
KORD,KAVP,848.75
KDLH,KORD,767.9166667
KROA,KIAD,565.8333333
KIAD,KSAV,767.9166667
KORD,KUNV,646.6666667
KBHM,KORD,1131.666667
KCRW,KORD,848.75
KORD,KMLI,485
CYYZ,KIAD,606.25
KMLI,KORD,404.1666667
KBWI,KDEN,1859.166667
KAVL,KORD,1050.833333
KFSD,KORD,808.3333333
KORD,KCAE,1050.833333
CYUL,KIAD,929.5833333
KORD,KDLH,784.0833333
KEWR,KSFO,3128.25
KORD,KSCE,873
KCAK,KORD,848.75
KDAY,KIAD,767.9166667
KSPI,KORD,404.1666667
PAFA,KORD,2910
KIAD,KROA,565.8333333
KORD,CYOW,1091.25
EGLL,KIAH,4890.416667
KEWR,LIRF,3572.833333
KORD,KERI,727.5
KLAX,PHTO,2425
KMFR,KDEN,1172.083333
KDEN,KLGA,1495.416667
KTPA,KORD,1414.583333
LIRF,KEWR,4421.583333
PHNL,KSNA,2829.166667
KSNA,PHNL,2910
KSFO,MMMX,2101.666667
KIAH,KMCO,1252.916667
LIMC,KORD,4769.166667
KORD,LIMC,4324.583333
KIAD,KHXD,808.3333333
KEWR,KDCA,727.5
KDCA,KEWR,1091.25
KORD,KORF,727.5
KIAD,KORD,808.3333333
KAVP,KEWR,485
KIAH,MDPC,2020.833333
KBDL,KORD,1261
KABQ,KIAH,1091.25
KSAF,KDEN,767.9166667
KBUF,KIAD,606.25
KIAD,KSFO,2505.833333
KDEN,KSAF,808.3333333
KDEN,KSGF,1050.833333
KECP,KIAH,808.3333333
KDEN,KDIK,727.5
KCRP,KIAH,525.4166667
KCVG,KIAD,767.9166667
KDEN,KSHV,1212.5
KDEN,KCHS,1616.666667
KLCH,KIAH,404.1666667
KLNK,KDEN,808.3333333
KIAD,KCHO,404.1666667
KIAD,KBUF,606.25
KIAH,KLCH,363.75
KIAD,KORF,565.8333333
KIAD,KHSV,808.3333333
KIAD,KCMH,670.9166667
KIAH,KECP,929.5833333
KIAD,KCVG,767.9166667
KIAD,KROC,606.25
KIAD,KCHS,994.25
KHSV,KIAD,1050.833333
KIAH,KHOB,727.5
KRIC,KIAD,202.0833333
KIAH,KTYS,905.3333333
KIAH,KGPT,646.6666667
KORD,PAFA,3071.666667
KJAN,KIAH,776
KORF,KIAD,808.3333333
KHOB,KIAH,848.75
KDEN,KHOB,727.5
KHOB,KDEN,889.1666667
KSJC,KIAH,1940
KIAH,KHSV,970
KAVL,KEWR,889.1666667
KEWR,KAVP,525.4166667
KAVP,KEWR,258.6666667
KEWR,KILM,889.1666667
KEWR,KMDT,525.4166667
KEWR,KSCE,565.8333333
KUNV,KEWR,485
KACK,KEWR,727.5
KSFO,LSZH,5375.416667
KORD,KDSM,606.25
KIAD,KLGA,646.6666667
KEWR,KPHL,404.1666667
KILM,KEWR,848.75
KSCE,KEWR,485
KORF,KORD,1212.5
TAPA,KEWR,2344.166667
KBNA,KIAD,848.75
KDAY,KORD,646.6666667
KGSP,KEWR,1026.583333
KEWR,KACK,646.6666667
KMDT,KEWR,525.4166667
KEWR,KORF,727.5
KRIC,KORD,889.1666667
KIAD,KDTW,808.3333333
KEWR,KAVL,1010.416667
KORD,KLNK,767.9166667
KORD,KXNA,646.6666667
KEWR,KPQI,848.75
KHXD,KIAD,848.75
KLNK,KORD,889.1666667
KPIT,KEWR,767.9166667
KEWR,KPIT,767.9166667
KEWR,TLPL,2425
KCVG,KEWR,1010.416667
KPHL,KEWR,606.25
LSZH,KSFO,5739.166667
KSFO,KMIA,2699.833333
KORF,KEWR,808.3333333
KXNA,KORD,937.6666667
KDEN,KORD,929.5833333
KEWR,KCVG,1010.416667
KOMA,KORD,808.3333333
KORD,KRIC,978.0833333
KORD,KDAY,646.6666667
KIAD,KSTL,1010.416667
KEWR,KUNV,565.8333333
KACK,KIAD,970
KDTW,KIAD,808.3333333
KLAX ,PHOG,2586.666667
TLPL,KEWR,2667.5
KIAD,KACK,848.75
KDEN,KMSP,970
KEWR,KSTL,1697.5
KIAH,EDDF,4526.666667
KSFO,CYVR,1131.666667
KPQI,KEWR,970
KSTL,KEWR,1212.5
KIAD,KPDX,2748.333333
MMLO,KORD,2586.666667
KORD,MMLO,1859.166667
KAMA,KIAH,889.1666667
KAMA,KDEN,727.5
KSFO,KASE,1131.666667
KBFL,KSFO,485
KCVG,KORD,727.5
KLAX,KASE,970
KDEN,KGUC,525.4166667
KDEN,KHLN,970
KBGR,KORD,1495.416667
KABQ,KORD,1495.416667
PHLI,KLAX,2707.916667
KDEN,KCOD,687.0833333
KCHA,KORD,1010.416667
KDEN,KASE,485
KDEN,KOKC,670.9166667
KACV,KSFO,404.1666667
KDEN,KFSD,808.3333333
KDEN,KFAR,889.1666667
KSMF,KIAH,1778.333333
KDEN,KBIS,848.75
KHSV,KDEN,1374.166667
KBIS,KDEN,889.1666667
KLWS,KDEN,1180.166667
KDEN,KGTF,994.25
KDEN,KONT,1050.833333
EDDF,KIAH,4987.416667
KMCO,KSFO,2586.666667
KDEN,KMOT,970
KDEN,KMTJ,485
KGPI,KLAX,1446.916667
KSFO,KRDU,2425
KDEN,KLWS,1131.666667
KGPI,KSFO,1277.166667
KDEN,KBFL,1252.916667
KGSP,KORD,1010.416667
KBZN,KLAX,1293.333333
KDEN,KLIT,1091.25
KGUC,DEN,444.5833333
MMMX,KORD,2101.666667
KDTW,KIAH,1414.583333
KCID,KDEN,1252.916667
KCMH,KORD,727.5
KDEN,KFLG,767.9166667
KDEN,KATW,1212.5
KFLG,KDEN,889.1666667
KHPN,KORD,929.5833333
KPSC,KDEN,1252.916667
KIAH,KASE,1172.083333
KMOT,KDEN,1010.416667
KIAH,KTUL,727.5
KDEN,KMAF,1374.166667
KIAH,KAMA,889.1666667
KICT,KORD,970
KORD,KTUL,889.1666667
KIAH,KDTW,1374.166667
KGEG,KSFO,970
KMSO,KSFO,1050.833333
KSFO,KRDD,242.5
KCPR,KDEN,646.6666667
KLAX,KRDD,687.0833333
KASE,KIAH,1050.833333
KOKC,KORD,1091.25
KLAX,KSBA,202.0833333
KLAX,KSLC,727.5
KBWI,KIAH,1414.583333
KICT,KIAH,727.5
KDEN,KIDA,727.5
KDEN,KMEM,1180.166667
KORD,CYYZ,808.3333333
KDEN,KLBB,687.0833333
KROC,KORD,808.3333333
KBHM,KIAH,970
KHRL,KIAH,525.4166667
KIAD,KPVD,565.8333333
KIAH,KSHV,363.75
KDEN,KIND,1050.833333
KIAH,KBHM,727.5
KBRO,KIAH,485
KDEN,KCID,808.3333333
CYYC,KDEN,565.8333333
KIAH,KXNA,889.1666667
KMEM,KIAH,848.75
KTYS,KIAH,1172.083333
KHSV,KIAH,808.3333333
KSGF,KDEN,1050.833333
KIAH,KHRL,444.5833333
KIAH,KTXK,444.5833333
KTYS,KIAD,646.6666667
KSTL,KIAH,848.75
KCLE,KDEN,1495.416667
KIAH,KLBB,646.6666667
KIAH,KLRD,485
KIAH,KMEM,565.8333333
KPVD,KIAD,646.6666667
KSFO,KIAD,2263.333333
KSTL,KIAD,848.75
KMOB,KIAH,646.6666667
KCHO,KIAD,282.9166667
KIAH,KMFE,606.25
KIAD,KALB,525.4166667
KIAH,KJAN,485
KGPT,KIAH,565.8333333
KDEN,KPHX,808.3333333
KIAH,KABQ,1010.416667
KIAH,KICT,727.5
KIAH,KMOB,525.4166667
KSHV,KIAH,363.75
KIAH,KBTR,404.1666667
KALB,KIAD,646.6666667
KDEN,KIAH,1050.833333
KLRD,KIAH,485
KDEN,KOMA,565.8333333
KLIT,KIAH,565.8333333
KSGF,KIAH,848.75
KIAH,KJAX,970
KSHV,KDEN,1050.833333
KPNS,KIAH,687.0833333
KORD,KLAX,2150.166667
KJAX,KIAH,1131.666667
KTXK,KIAH,468.8333333
KIAH,KCRP,323.3333333
KIAH,KBRO,444.5833333
KDEN,KLNK,509.25
KIAH,KSGF,606.25
KDIK,KDEN,727.5
KEWR,KIAH,1519.666667
KCLE,KIAD,404.1666667
KMFE,KIAH,485
KBTR,KIAH,396.0833333
KXNA,KIAH,889.1666667
KXNA,KDEN,1010.416667
KIAD,KRIC,444.5833333
KDEN,KMSN,873
KIAH,EGLL,4445.833333
LEMD,KEWR,4162.916667
KIND,KSFO,1956.166667
KIAD,KTYS,808.3333333
KMCW,KORD,743.6666667
KORD,KFOD,767.9166667
KFOD,KMCW,299.0833333
KPIB,KMEI,323.3333333
KORD,KMCW,719.4166667
KMCW,KFOD,299.0833333
KFOD,KORD,767.9166667
KCKB,KIAD,404.1666667
KDEN,KSEA,1374.166667
KCNY,KDEN,687.0833333
KCGI,KPAH,363.75
KPAH,KORD,970
KRKS,KDEN,646.6666667
KDEN,KPRC,889.1666667
KIAH,KORD,1390.333333
KJST,KCKB,388
KCKB,KORD,913.4166667
KIAD,KCKB,485
KIAD,KJST,476.9166667
KDEN,KFWA,32.33333333
KDEN,KPUB,727.5
KDEN,KLBF,363.75
KIAD,KOGS,525.4166667
KIAH,KVCT,598.1666667
KPBG,KIAD,889.1666667
KORD,KMKG,363.75
KSFO,KIAH,1535.833333
KIAD,KPBG,808.3333333
KEAR,KORD,889.1666667
KMKG,KORD,404.1666667
KPUB,KDEN,323.3333333
KMSN,KDEN,1091.25
KPBG,KOGS,404.1666667
KORD,KPAH,525.4166667
KPAH,KCGI,347.5833333
KSAV,KDEN,1980.416667
KEAR,KDEN,646.6666667
KVEL,KDEN,638.5833333
KEAU,KORD,525.4166667
KIAD,KSHD,444.5833333
KSHD,KLWB,363.75
KLWB,KORD,889.1666667
KDEC,KORD,509.25
KTBN,KDEC,679
KORD,KEAR,970
KDEN,KSGU,889.1666667
KCGI,KORD,808.3333333
KDEN,KLBL,646.6666667
KLBL,KDDC,282.9166667
KLAR,KDEN,323.3333333
KDEN,KRKS,525.4166667
KCMX,KORD,687.0833333
KORD,KCMX,476.9166667
KOGS,KPBG,404.1666667
KDEN,KCNY,646.6666667
KORD,KCKB,808.3333333
KCKB,KJST,396.0833333
KJST,KIAD,711.3333333
KEWR,LEMD,3637.5
KORD,KJLN,646.6666667
KDVL,KDEN,727.5
KDEN,KJMS,767.9166667
KIAH,KPIB,687.0833333
KIAH,KSFO,1737.916667
KDEN,KLAR,404.1666667
KORD,KEAU,646.6666667
KDEN,KEAR,606.25
KORD,KDEC,501.1666667
KDEC,KTBN,679
KORD,KDEC,339.5
KPRC,KDEN,929.5833333
KRIW,KDEN,420.3333333
KDEN,KRIW,485
KLBF,KDEN,404.1666667
KSGU,KDEN,727.5
KDEN,KGCC,379.9166667
KORD,KCGI,533.5
KDEN,KBFF,460.75
KSEA,KLAX,1212.5
KPUB,KDEN,282.9166667
KORD,KLWB,889.1666667
KLWB,KSHD,396.0833333
KSHD,KIAD,404.1666667
KOGS,KORD,953.8333333
KIAH,MHPR,1503.5
KDEN,KVEL,565.8333333
KMEI,KPIB,282.9166667
KSAT,KIAH,339.5
KDDC,KLBL,323.3333333
KLBL,KDEN,646.6666667
KIAD,LSZH,4082.083333
KORD,KBNA,727.5
KCOS,KORD,1333.75
KSFO,KTUS,889.1666667
KCOD,KDEN,970
KSTL,KDEN,1374.166667
KLIT,KORD,1010.416667
KIAH,KDCA,1358
KACV,KDEN,1147.833333
KIAH,KTUS,1034.666667
KJAC,KIAH,1899.583333
KSFO,KPSC,848.75
KIAH,KSDF,929.5833333
KIAH,KLFT,549.6666667
KMAF,KIAH,767.9166667
KCLE,KORD,929.5833333
KDEN,KSBP,1333.75
KMDT,KORD,970
MDPC,KIAH,2222.916667
KMEM,KORD,1010.416667
KMKE,KORD,234.4166667
KDSM,KORD,743.6666667
KBOI,KLAX,986.1666667
KMRY,KLAX,711.3333333
KIAD,OJAI,5294.583333
KMSN,KORD,274.8333333
KDEN,KDSM,646.6666667
KASE,KDEN,291
KSFO,KGEG,808.3333333
KMSO,KORD,1632.833333
OJAI,KIAD,5941.25
KRDM,KSFO,848.75
KDEN,KRAP,525.4166667
KBOI,KIAH,1649
MHPR,KIAH,1527.75
KOMA,KDEN,873
KBOI,KORD,937.6666667
KTUL,KDEN,929.5833333
KRDM,KLAX,889.1666667
KORD,KSFO,1964.25
KLAX,KMRY,485
KLAX,KCOS,1172.083333
KATW,KDEN,1212.5
KORD,KBGR,1414.583333
KIAH,KSTL,929.5833333
KORD,KBOI,1940
KORD,MMMY,1737.916667
KDEN,KCPR,379.9166667
KBHM,KDEN,1535.833333
KSFO,KMSO,1091.25
LSZH,KIAD,4445.833333
KORD,KCVG,485
KSFO,KACV,525.4166667
KANC,KORD,2740.25
KIAH,KBOI,1818.75
KORD,KDCA,1228.666667
KDEN,KGJT,420.3333333
KLBB,KDEN,848.75
KDEN,KXWA,767.9166667
KCOS,KIAH,1212.5
KORD,KICT,978.0833333
KORD,KGSP,687.0833333
KSFO,KMFR,468.8333333
KSAN,KLAX,242.5
PHNL,KLAX,2724.083333
KACV,KLAX,1091.25
KFAR,KORD,1010.416667
KLAX,KGPI,1349.916667
KORD,KLGA,1091.25
KMOT,KDEN,727.5
KORD,KLIT,1010.416667
KBOI,KSFO,767.9166667
KDEN,MROC,2546.25
KSCE,KORD,970
KCOS,KLAX,1374.166667
KORD,KPNS,1172.083333
KORD,KMEM,929.5833333
KDEN,CYVR,1358
KLAX,KRDM,1050.833333
KLIT,KDEN,1091.25
KPSP,KLAX,517.3333333
MMMY,KORD,1616.666667
KIAH,CYYZ,1576.25
KORD,KRAP,1131.666667
KLBB,KIAH,848.75
KORD,KMSO,1851.083333
KDEN,KDEN,662.8333333
KONT,KSFO,646.6666667
KSLC,KLAX,1050.833333
CYYZ,KDEN,1940
KFAR,KDEN,848.75
KLAX,KFAT,565.8333333
KLFT,KIAH,606.25
KDEN,KTYS,1414.583333
KELP,KDEN,889.1666667
KFAT,KLAX,525.4166667
KPNS,KORD,1252.916667
KORD,KFSD,848.75
KFWA,KORD,307.1666667
KDEN,KMRY,1196.333333
KSFO,KSMF,444.5833333
KSFO,KSBP,565.8333333
KSDF,KORD,485
KSFO,KBFL,646.6666667
KIAH,KORF,1535.833333
KDEN,KSUN,929.5833333
KSFO,KGPI,1244.833333
KORD,KCHA,767.9166667
KDEN,CYEG,1455
KSTL,KORD,420.3333333
KORD,KHPN,816.4166667
KHLN,KDEN,848.75
KORD,KSTL,565.8333333
KSFO,KMRY,404.1666667
KMSP,KSFO,2158.25
KTUS,KIAH,1293.333333
KSLC,KDEN,873
KTUL,KORD,1050.833333
KBOS,KORD,1374.166667
KHDN,KDEN,444.5833333
KORD,KCLT,1050.833333
KLAX,KSBP,525.4166667
KASE,KSFO,1212.5
KSMF,KLAX,808.3333333
KLAX,KMFR,1010.416667
KDEN,KMLI,929.5833333
KSFO,KLAX,953.8333333
KDEN,KPSC,1252.916667
KPSP,KDEN,1131.666667
KDEN,KXNA,970
KDEN,KMKE,921.5
KSFO,KMFR,727.5
KLAX,KSMF,808.3333333
KORD,KABQ,1616.666667
KEWR,KDFW,1778.333333
KSFO,KRDM,848.75
KIDA,KDEN,687.0833333
KRDD,KSFO,420.3333333
CYVR,KDEN,1374.166667
KXWA,KDEN,792.1666667
CYYZ,KIAH,1535.833333
KDEN,KPSP,1091.25
KGEG,KDEN,1050.833333
KMEM,KDEN,1212.5
KLAX,KACV,1212.5
KSBA,KSFO,646.6666667
KMFR,KLAX,970
KTUS,KSFO,970
KMTJ,KDEN,444.5833333
KPSC,KSFO,986.1666667
KSFO,KOTH,727.5
KSBA,KLAX,485
LFPG,KEWR,3403.083333
KDEN,KRDM,1115.5
KMRY,KSFO,444.5833333
KIAH,KSLC,1333.75
KSFO,KONT,687.0833333
KDEN,KCLT,1697.5
KSFO,KRDD,582
KSFO,KMSP,1810.666667
KDEN,KHSV,1172.083333
KDEN,KTUL,767.9166667
KCMH,KIAH,1333.75
KIAH,KCMH,1075.083333
KLAX,KEUG,1131.666667
KPNS,KDEN,1746
CYYZ,KSFO,2707.916667
KORD,KFNT,299.0833333
KBUR,KSFO,767.9166667
KSUN,KDEN,1576.25
KORD,KROC,582
KDRO,KDEN,379.9166667
KSAV,KORD,1293.333333
KDEN,KSLC,565.8333333
KORD,KSAV,1252.916667
KORD,KMSY,1172.083333
KSBP,KDEN,1050.833333
KSLC,KORD,1657.083333
KDEN,KPNS,1511.583333
KMRY,KDEN,1293.333333
KDEN,KAMA,646.6666667
KCOD,KDEN,541.5833333
KOKC,KDEN,848.75
KORD,CYUL,1050.833333
KDEN,KBOI,824.5
KEWR,TJBQ,1915.75
KSFO,KBUR,460.75
KDEN,KSTL,1050.833333
KECP,KDEN,1665.166667
KORD,KMCI,646.6666667
KLAX,KRNO,525.4166667
KSFO,KFAT,307.1666667
KEWR,LFPG,3289.916667
KASE,KORD,1252.916667
KSFO,KPSP,848.75
KORD,KDTW,1414.583333
KLAX,KPHX,727.5
KPHX,KLAX,687.0833333
KORD,KOKC,1050.833333
KORF,KIAH,1495.416667
KSUN,KLAX,1172.083333
KORD,KPIT,743.6666667
KRAP,KORD,1091.25
KSMF,KSFO,404.1666667
KSLC,KSFO,1212.5
KBNA,KDEN,1131.666667
KDEN,KDRO,606.25
KLAS,KSFO,582
KBNA,KORD,889.1666667
KORD,KMTJ,1535.833333
KSBP,KSFO,339.5
KMIA,KDEN,2085.5
KORD,KCOS,1333.75
KDEN,KECP,1535.833333
KJAC,KLAX,1341.833333
KRDM,KDEN,1212.5
KTYS,KDEN,1624.75
KJAC,KSFO,1382.25
KFAT,KDEN,1131.666667
KDEN,KHDN,242.5
MMSD,KIAH,1414.583333
KDEN,CYYZ,1697.5
KDEN,KOTH,1495.416667
KDEN,KABQ,565.8333333
KLAX,KJAC,1349.916667
KBTV,KORD,970
KLAX,KPSP,703.25
KTUS,KDEN,1414.583333
KDEN,KGJT,363.75
KLAX,KBZN,1172.083333
CYYC,KSFO,1374.166667
KSFO,KBOI,565.8333333
KSMF,KIAD,2368.416667
KOTH,KDEN,1333.75
KSFO,KJAC,1568.166667
CYYZ,KORD,1616.666667
KLAX,MMZH,1859.166667
MMZH,KLAX,1859.166667
KBFL,KDEN,1252.916667
KLAX,KSAN,444.5833333
KORD,KTVC,485
KRAP,KDEN,444.5833333
KDEN,KCOS,404.1666667
KFAT,KSFO,282.9166667
KEGE,KDEN,525.4166667
KMAF,KDEN,889.1666667
KSNA,KSFO,646.6666667
KSFO,KSUN,848.75
KDEN,KTUS,1010.416667
KDEN,KRIC,1649
KGSP,KDEN,1713.666667
KSBP,KLAX,485
KLAX,KSUN,929.5833333
KDEN,KEGE,444.5833333
KMCI,KDEN,929.5833333
KSEA,KEWR,2667.5
KDEN,KACV,1333.75
KDEN,KELP,848.75
KMFR,KSFO,727.5
KORD,KCID,485
KDEN,KGSP,1608.583333
KASE,KLAX,1406.5
KAUS,KDEN,1131.666667
KABQ,KDEN,767.9166667
CYEG,KDEN,1293.333333
KDTW,KORD,687.0833333
KEUG,KLAX,1091.25
KOTH,KSFO,767.9166667
KLAX,KBOI,1050.833333
KMLI,KDEN,1172.083333
KSUN,KSFO,1091.25
KDEN,KBHM,1374.166667
KORD,KCMH,727.5
CYUL,KORD,1293.333333
KORD,KASE,1374.166667
KPSP,KSFO,735.5833333
RJAA,KIAH,5941.25
KSFO,YMML,6790
KEWR,KBZN,2465.416667
MMOX,KIAH,1333.75
KIAD,KMIA,1535.833333
KBDL,KIAD,606.25
KIAD,KPIT,646.6666667
KBWI,KSFO,2667.5
KMSP,KIAD,1252.916667
KIAD,KMSP,1293.333333
KLGA,KIAD,767.9166667
KCLT,KIAD,485
KAUS,KIAH,315.25
KIAH,KLIT,727.5
KDEN,KSYR,1608.583333
KGSP,KIAH,1010.416667
KIAD,KSDF,808.3333333
KGRR,KIAH,1293.333333
KSFO,KPDX,889.1666667
KCVG,KIAH,970
KSDF,KIAH,1050.833333
MMAS,KIAH,1010.416667
KIAH,MMAS,1010.416667
KIAH,KGRR,1333.75
KCHS,KIAH,1374.166667
KCMH,KIAD,428.4166667
KIAH,KMTJ,1333.75
MMSD,KEWR,2627.083333
KIAH,KSAT,533.5
KIAH,MMPB,1172.083333
MMPB,KIAH,1091.25
KDFW,KIAD,1535.833333
KIAH,KCHS,1455
KIAH,KGSP,1131.666667
KLAX,CYVR,1406.5
KIAH,KAUS,468.8333333
KIAH,KSAV,1050.833333
KDSM,KIAH,1172.083333
KMIA,KIAD,1172.083333
KEWR,KRDU,727.5
KATL,KIAD,808.3333333
YMML,KSFO,6790
KIAD,KRDU,727.5
KIAD,KATL,808.3333333
KIAH,KCVG,1091.25
KIAD,DNMM,7056.75
KIAH,KLGA,1616.666667
KIAD,KMCI,1414.583333
KMTJ,KIAH,1172.083333
KOKC,KIAH,646.6666667
DNMM,KIAD,7460.916667
MMGL,KIAH,1212.5
KELP,KIAH,1010.416667
KIAH,KSMF,1778.333333
KRDU,KIAH,1455
KIAH,KCOS,970
KIAH,MMTM,808.3333333
MMTM,KIAH,889.1666667
KCLT,KIAH,1333.75
KIAH,MMQT,970
KGUC,KIAH,1091.25
KRAP,KIAH,1252.916667
MMQT,KIAH,970
KIAH,KGUC,1212.5
KIAH,MMLO,1091.25
MMLO,KIAH,970
KIAH,KMAF,767.9166667
KIAH,KBDL,1818.75
KEWR,MMSD,2869.583333
KIND,KIAH,1091.25
KBDL,KIAH,1899.583333
KIAH, SBGR,4688.333333
KSAV,KIAH,1252.916667
KIAH,MMZH,1050.833333
KIAH,KGPI,2020.833333
KCLE,KLAX,2263.333333
MMZH,KIAH,1172.083333
KIAH,MMAA,1293.333333
MMAA,KIAH,1301.416667
KIAH,KBZN,1657.083333
KLGA,KORD,929.5833333
KIAH,KIND,1172.083333
KSAT,KIAD,1616.666667
KBTV,KORD,970
KIAH,KMCI,1050.833333
KMCI,KIAD,1131.666667
KIAH,KCLT,1172.083333
KBZN,KIAH,1390.333333
KIAH,KRAP,1414.583333
KIAH,KOKC,646.6666667
KIAH,KPIT,1333.75
KGPI,KIAH,1859.166667
SBGR,KIAH,4769.166667
KBUR,KDEN,1131.666667
KIAD,KLAX,2344.166667
KATL,KIAH,1131.666667
KIAH,KELP,929.5833333
KIAH,KDSM,970
KPIT,KIAH,1374.166667
KORD,KMSP,727.5
MMVR,KIAH,1091.25
KIAH,MMVR,1010.416667
KMCI,KIAH,1010.416667
KIAH,MMOX,1212.5
KEWR,LPPT,3217.166667
KCHS,KEWR,921.5
KSFO,CYYZ,2465.416667
KBOS,KDEN,2020.833333
KBIL,KDEN,848.75
LPPT,KEWR,3217.166667
KORD,KEUG,2182.5
MKJS,KIAD,1640.916667
KAUS,KIAD,1576.25
KAUS,KEWR,1940
KORD,PHKO,4041.666667
KEUG,KDEN,1212.5
PHKO,KORD,3839.583333
KMCO,KIAH,1131.666667
KCHS,KIAD,606.25
KSAT,KDEN,1131.666667
KCHS,KORD,1172.083333
KDEN,KORF,1697.5
MMCZ,KDEN,1859.166667
KORD,TJSJ,2360.333333
KDEN,KGPI,1050.833333
KDFW,KEWR,1632.833333
KIAH,RJAA,6507.083333
KEWR,EHAM,3516.25
KIAH,TJSJ,2206.75
KIAH,KEWR,1786.416667
PHOG,KLAX,2627.083333
KSDF,KDEN,1737.916667
KEWR,KFLL,1212.5
EHAM,KEWR,4041.666667
KORD,VIDP,7258.833333
VIDP,KORD,7743.833333
KPHX,KIAD,2101.666667
MMMX,KSFO,2344.166667
KCHS,KDEN,1940
KIAD,LLBG,5294.583333
KDEN,CYYC,1091.25
KORD,KFLL,1535.833333
KEWR,KMCO,1390.333333
KSFO,KORD,2093.583333
LLBG,KIAD,5779.583333
KDEN,MYNN,2020.833333
KORD,KSBA,2303.75
KDFW,KORD,1220.583333
KSBA,KORD,2004.666667
KDEN,KSBA,1212.5
KORD,KSEA,2247.166667
KCVG,KDEN,1487.333333
CYYC,KIAH,1899.583333
KSFO,KATL,2336.083333
KDEN,KJAC,1366.083333
KCLE,KIAH,1446.916667
KDEN,EDDM,4728.75
EDDM,KDEN,5092.5
KCLT,KDEN,1859.166667
MMSD,KORD,2077.416667
KDEN,KBNA,1212.5
KEWR,KMSY,1455
KLAX,MRLB,2667.5
KORD,KSJC,2222.916667
RJAA,KEWR,6062.5
KEWR,TNCB,2344.166667
KEWR,RJAA,6628.333333
KBZN,KORD,1333.75
KIAD,KLAS,2303.75
KLAX,MMSD,1091.25
MMSD,KLAX,1131.666667
MWCR,KORD,2061.25
SAEZ,KIAH,5052.083333
KIAH,SAEZ,4809.583333
KEWR,VIDP,7113.333333
VIDP,KEWR,7962.083333
KSFO,RJAA,5035.916667
RJAA,KSFO,4526.666667
KLAX,YSSY,7048.666667
YSSY,KLAX,6660.666667
SBGR,KORD,5124.833333
KORD,SBGR,5060.166667
SCEL,KIAH,4688.333333
KIAH,SCEL,4486.25
KEWR,LLBG,4987.416667
LLBG,KEWR,4987.416667
KIAH,SPJC,3192.916667
SPJC,KIAH,3192.916667
RKSI,ZSPD,970
RKSI,KSFO,5132.916667
ZSPD,RKSI,970
KSFO,YSSY,7315.416667
YSSY,KSFO,7242.666667
KSFO,RCTP,6854.666667
RCTP,KSFO,6854.666667
KSFO,RJTT,5052.083333
RJTT,KSFO,4688.333333
KORD,RJTT,6143.333333
RJTT,KORD,5617.916667
KSFO,RKSI,6094.833333
EGLL,KSFO,5480.5
KSFO,EGLL,5335
EDDF,KORD,4720.666667
KORD,EDDF,4082.083333
EHAM,KORD,4421.583333
KORD,EHAM,4001.25
LFPG,KIAD,3572.833333
KIAD,LFPG,3572.833333
NZAA,KSFO,5957.416667
KSFO,NZAA,6272.666667
KLAX,EGLL,4850
KSFO,EDDF,5335
EDDF,KSFO,5601.75
EGLL,KORD,4421.583333
KORD,EGLL,3516.25
EGLL,KLAX,5318.833333
KIAD,LPPT,4365
LPPT,KIAD,4041.666667
KIAD,EHAM,3896.166667
EHAM,KIAD,3694.083333
KIAD,EBBR,3718.333333
EBBR,KIAD,3508.166667
KORD,EDDM,3516.25
EDDM,KORD,4001.25
KSFO,LLBG,6612.166667
LLBG,KSFO,7016.333333
KEWR,LSGG,3653.666667
LSGG,KEWR,4348.833333
KSFO,YBBN,6870.833333
KEWR,EDDF,3516.25
EDDF,KEWR,3839.583333
KEWR,EDDB,3960.833333
EDDB,KEWR,4486.25
KEWR,LIRN,4284.166667
LIRN,KEWR,4138.666667
DGAA,KIAD,5335
KSFO,EHAM,4914.666667
EHAM,KSFO,5399.666667
YBBN,KSFO,6385.833333
KORD,EBBR,3758.75
EBBR,KORD,3928.5
EGPH,KIAD,3799.166667
KLAX,YMML,7881.25
KORD,EIDW,3597.083333
EIDW,KORD,4162.916667
KIAD,LGAV,2610.916667
LGAV,KIAD,5335
LFPG,KSFO,5108.666667
LFPG,KORD,3904.25
KORD,LFPG,3904.25
EDDF,KIAD,4284.166667
KIAD,EDDF,3920.416667
YMML,KLAX,6992.083333
KSFO,LFPG,5108.666667
KIAD,DGAA,5011.666667
EBBR,KEWR,3403.083333
KEWR,EBBR,3516.25